Number,Gender,NameSet,GivenName,Surname,StreetAddress,ZipCode,City,EmailAddress,Username,TelephoneNumber
1,male,Dutch,Hisham,Altink,"Borkelsedijk 53","5571 GA",Bergeijk,HishamAltink@teleworm.us,Reech1950,06-16898224
2,female,Dutch,Maren,Breider,"Van Humboldtstraat 130","3514 GS",Utrecht,MarenBreider@dayrep.com,Othed1997,06-23093526
3,male,Dutch,Hayati,"van Dekken","Schorweg 101","5993 PC",Maasbree,HayativanDekken@teleworm.us,Drem1996,06-74004784
4,male,Dutch,Valentin,Bosgra,"Bloemgracht 9","1016 KA",Amsterdam,ValentinBosgra@armyspy.com,Malame,06-72509347
5,female,Dutch,Minou,Hagendoorn,"Antillen 40","3524 EZ",Utrecht,MinouHagendoorn@jourrapide.com,Ringdorges,06-21398457
6,female,Dutch,Anthonia,"ten Thije","Kamperfoeliestraat 166","4725 AT","Wouwse Plantage",AnthoniatenThije@jourrapide.com,Ancion,06-98717738
7,female,Dutch,Talita,Selles,"Princestraat 62","7741 JJ",Coevorden,TalitaSelles@gustr.com,Proutirepach,06-50015976
8,male,Dutch,Bartholomeüs,Filippo,"Helmerslaan 124","5615 JE",Eindhoven,BartholomeusFilippo@jourrapide.com,Didly1970,06-67324675
9,female,Dutch,Andreia,Sijtsma,"Van Arkelstraat 141","2973 AL",Molenaarsgraaf,AndreiaSijtsma@jourrapide.com,Arge1936,06-23078929
10,male,Dutch,Ziad,Talen,"Ge van Rielstraat 59","7622 ET",Borne,ZiadTalen@rhyta.com,Lishat,06-10432698
11,male,Dutch,Rodin,Reuser,"Walstraat 43","4381 GT",Vlissingen,RodinReuser@gustr.com,Wortuld,06-52718159
12,male,Dutch,Enno,Wemmers,"Draadrusplein 83","5223 DA",s-Hertogenbosch,EnnoWemmers@superrito.com,Ores1936,06-43021268
13,male,Dutch,Amiet,Voorwinden,"Birkhoven 36","3452 JK",Vleuten,AmietVoorwinden@jourrapide.com,Prands1940,06-41912638
14,female,Dutch,Khadya,John,"Tongerloseweg 44","5087 KX",Diessen,KhadyaJohn@fleckens.hu,Greanded1959,06-59737627
15,female,Dutch,Kate,Joris,"Tongerloplein 96","5071 CX",Udenhout,KateJoris@gustr.com,Owittionfe,06-24588031
16,female,Dutch,Huda,"van Woerden","Schoondijkseweg 1","4503 GK",Groede,HudavanWoerden@cuvox.de,Whosed,06-11031086
17,male,Dutch,Pavan,"van Wichen","Vlamingstraat 96","2713 RT",Zoetermeer,PavanvanWichen@armyspy.com,Myst1937,06-27254336
18,male,Dutch,Bengt,Scheepers,"Riouwstraat 194","1094 XM",Amsterdam,BengtScheepers@jourrapide.com,Wher1976,06-82354705
19,female,Dutch,Özgül,Overgaauw,"Adriana Noorlandersingel 200","3065 HE",Rotterdam,OzgulOvergaauw@superrito.com,Shrothem1971,06-15253488
20,female,Dutch,Gülseren,Willigenburg,"Dingspelstraat 28","9461 JE",Gieten,GulserenWilligenburg@teleworm.us,Ressoare,06-92433659
